<?xml version='1.0' encoding='utf-8' ?>
<!--
  ~ Hibernate, Relational Persistence for Idiomatic Java
  ~
  ~ License: GNU Lesser General Public License (LGPL), version 2.1 or later.
  ~ See the lgpl.txt file in the root directory or <http://www.gnu.org/licenses/lgpl-2.1.html>.
  -->
<!DOCTYPE section PUBLIC "-//OASIS//DTD DocBook XML V4.5//EN" "http://www.oasis-open.org/docbook/xml/4.5/docbookx.dtd" [
]>
<section>
	<title>We Need Feedback!</title>
	<indexterm>
		<primary>feedback</primary>
		<secondary>contact information for this manual</secondary>
	</indexterm>
	<para>
		You should over ride this by creating your own local Feedback.xml file.
	</para>
</section>


