<?xml version='1.0' encoding="UTF-8"?>
<!--
  ~ Hibernate, Relational Persistence for Idiomatic Java
  ~
  ~ License: GNU Lesser General Public License (LGPL), version 2.1 or later.
  ~ See the lgpl.txt file in the root directory or <http://www.gnu.org/licenses/lgpl-2.1.html>.
  -->
<legalnotice xml:id="Legal_Notice" xmlns="http://docbook.org/ns/docbook" xmlns:xl="http://www.w3.org/1999/xlink">
    <title>Legal Notice</title>
    <para>
        <address>
            <street>1801 Varsity Drive</street>
            <city>Raleigh</city>, <state>NC</state><postcode>27606-2072</postcode><country>USA</country>
            <phone>Phone: +1 919 754 3700</phone>
            <phone>Phone: 888 733 4281</phone>
            <fax>Fax: +1 919 754 3701</fax>
            <pob>PO Box 13588</pob><city>Research Triangle Park</city>, <state>NC</state><postcode>27709</postcode><country>USA</country>
        </address>
    </para>
    <para>
        Copyright <trademark class="copyright"/> 2007 by Red Hat, Inc.  This copyrighted material is made available to
        anyone wishing to use, modify, copy, or redistribute it subject to the terms and conditions of the
        GNU <link xl:href="http://www.gnu.org/licenses/lgpl-2.1.html">Lesser General Public License</link>, as published
        by the Free Software Foundation.
    </para>
    <para>
        Red Hat and the Red Hat "Shadow Man" logo are registered trademarks of Red Hat, Inc. in the United States and other countries.
    </para>
    <para>
        All other trademarks referenced herein are the property of their respective owners.
    </para>
    <para>
        The GPG fingerprint of the security@redhat.com key is:
    </para>
    <para>
        CA 20 86 86 2B D6 9D FC 65 F6 EC C4 21 91 80 CD DB 42 A6 0E
    </para>
</legalnotice>
